count,category,filename
1,face,TMWfemale18-2neutral.jpg
2,face,TMWfemale18-3neutral.jpg
3,face,TMWfemale18-4neutral.jpg
4,face,TMWfemale18neutral.jpg
5,face,TMWfemale19-2neutral.jpg
6,face,TMWfemale19-3neutral.jpg
7,face,TMWfemale19neutral.jpg
8,face,TMWfemale20neutral.jpg
9,face,TMWfemale21-2neutral.jpg
10,face,TMWfemale21neutral.jpg
11,face,TMWfemale22neutral.jpg
12,face,TMWfemale23-2neutral.jpg
13,face,TMWfemale23-3neutral.jpg
14,face,TMWfemale23neutral.jpg
15,face,TMWfemale24-2neutral.jpg
16,face,TMWfemale24neutral.jpg
17,face,TMWfemale25-2neutral.jpg
18,face,TMWfemale25-3neutral.jpg
19,face,TMWfemale25neutral.jpg
20,face,TMWfemale26neutral.jpg
21,face,TMWmale20neutral.jpg
22,face,TMWmale22-2neutral.jpg
23,face,TMWmale22-3neutral.jpg
24,face,TMWmale22neutral.jpg
25,face,TMWmale23neutral.jpg
26,face,TMWmale25-2neutral.jpg
27,face,TSFWfemale26neutral.jpg
28,face,TSFWfemale34-2neutral.jpg
29,face,TSFWfemale34neutral.jpg
30,face,TSFWfemale38neutral.jpg
31,face,TSFWfemale41neutral.jpg
32,face,TSFWfemale50-2neutral.jpg
33,face,TSFWfemale51neutral.jpg
34,face,TSFWfemale52-2neutral.jpg
35,face,TSFWfemale52neutral.jpg
36,face,TSFWfemale54neutral.jpg
37,face,TSFWfemale56neutral.jpg
38,face,TSFWfemale58neutral.jpg
39,face,TSFWmale21neutral.jpg
40,face,TSFWmale22neutral.jpg
41,face,TSFWmale23neutral.jpg
42,face,TSFWmale37neutral.jpg
43,face,TSFWmale42neutral.jpg
44,face,TSFWmale46neutral.jpg
45,face,TSFWmale47neutral.jpg
46,face,TSFWmale54neutral.jpg
47,face,TSFWmale57neutral.jpg
48,face,TSFWmale61-2neutral.jpg
49,face,Wmale_22neutral.jpg
50,face,Wmale_23neutral.jpg
51,face,Wmale_24neutral.jpg
52,face,Wmale_50neutral.jpg
53,face,Wmale_55-2neutral.jpg
54,face,Wmale_55-3neutral.jpg
55,face,Wmale_55neutral.jpg
56,face,Wmale_65neutral.jpg
57,face,WWfemale19neutral.jpg
58,face,WWfemale20-3neutral.jpg
59,face,WWfemale20-4neutral.jpg
60,face,WWfemale20neutral.jpg
61,face,WWfemale21-2neutral.jpg
62,face,WWfemale21neutral.jpg
63,face,WWfemale22-2neutral.jpg
64,face,WWfemale22-3neutral.jpg
65,face,WWfemale22-4neutral.jpg
66,face,WWfemale22-5neutral.jpg
67,face,WWfemale22neutral.jpg
68,face,WWfemale26neutral.jpg
69,face,WWfemale27neutral.jpg
70,face,WWfemale29neutral.jpg
71,face,WWmale19neutral.jpg
72,face,WWmale20-1neutral.jpg
73,face,WWmale20-2neutral.jpg
74,face,WWmale20neutral.jpg
75,face,WWmale21-2neutral.jpg
76,face,WWmale21-3neutral.jpg
77,face,WWmale21-4neutral.jpg
78,face,WWmale21neutral.jpg
79,face,WWmale22-2neutral.jpg
80,face,WWmale22-3neutral.jpg
81,face,WWmale22-4neutral.jpg
82,face,WWmale22neutral.jpg
83,face,WWmale23-2neutral.jpg
84,face,WWmale23-3neutral.jpg
85,face,WWmale23-4neutral.jpg
86,face,WWmale23-5neutral.jpg
87,face,WWmale23-6neutral.jpg
88,face,WWmale23-7neutral.jpg
89,face,WWmale23neutral.jpg
90,face,WWmale24neutral.jpg
91,face,WWmale28-2neutral.jpg
92,face,WWmale29neutral.jpg
1,tool,0.55_AMAGNGLA3.jpg
2,tool,0.55_lightbulb.jpg
3,tool,0.57_Ahandheldbel2.jpg
4,tool,0.60_Acombination8.jpg
5,tool,0.65_ignitionkey01.jpg
6,tool,0.75_Abinoculars5.jpg
7,tool,0.80_corkscrew02.jpg
8,tool,0.86_Acompas19.jpg
9,tool,0.93_Aductta15.jpg
10,tool,0.96_Athimble2.jpg
11,tool,0.98_Arollofstrin2.jpg
12,tool,0.99_ASCOTAPE.jpg
13,tool,1.07_B_stapler.jpg
14,tool,1.46_computer mouse.jpg
15,tool,1.48_wristwatch.jpg
16,tool,1.49_Acalculator21.jpg
17,tool,1.50_Aflashlight3.jpg
18,tool,1.50_Aspoolofthre6.jpg
19,tool,2.38_scissors01.jpg
20,tool,A_fork.jpg
21,tool,A_razor.jpg
22,tool,Aantiquekey3.jpg
23,tool,Abell44.jpg
24,tool,Abrush46.jpg
25,tool,Acable13.jpg
26,tool,Acanopener4.jpg
27,tool,Acliplatch.jpg
28,tool,Acontainerwi2.jpg
29,tool,Aelectronicg9.jpg
30,tool,Anailscissors.jpg
31,tool,Apaperclip3.jpg
32,tool,Apencilsharp5.jpg
33,tool,Ascrewdriver.jpg
34,tool,Atrowel37.jpg
35,tool,B_handset.jpg
36,tool,knife01.jpg
37,tool,sharpener01.jpg
38,tool,toothbrushholder02.jpg
39,tool,22850592.thl.jpg
40,tool,26419277.thl.jpg
41,tool,AAXE14.jpg
42,tool,Abasket60.jpg
43,tool,Abasket73.jpg
44,tool,26390661.thl.jpg
45,tool,Abottle72.jpg
46,tool,ABOWL8.jpg
47,tool,Abowl54.jpg
48,tool,26434084.thl.jpg
49,tool,broom_industrial.jpg
50,tool,Abucket176.jpg
51,tool,ACAMERA71.jpg
52,tool,Pedrini-Black-Satin-Stainless-Steel-Pyramid-Grater-B0000959EV-L.jpg
53,tool,Acookingpan37.jpg
54,tool,porcelain-cookware.jpg
55,tool,500_DECWHIPB.jpg
56,tool,41K7QVRX50L._SS500_.jpg
57,tool,250679_lg.jpg
58,tool,AFISHLUR8.jpg
59,tool,freeplay-xray-wind-up-led-flashlight.jpg
60,tool,hairbrush34.jpg
61,tool,B000A8045S.01-A3MUP0TQW88EYV._SCLZZZZZZZ_V23466783_SS500_.jpg
62,tool,8oz-hammer-copy.jpg
63,tool,hammer03.jpg
64,tool,Ahandbag51.jpg
65,tool,ClassicHeadband-Red.jpg
66,tool,headphones.jpg
67,tool,B0007YQNV4.02.PT01.LZZZZZZZ.jpg
68,tool,909_alienblue_01.jpg
69,tool,Dell-keyboard_smart.jpg
70,tool,ABUTTRKNI.jpg
71,tool,hedgeclippers.jpg
72,tool,pliers.jpg
73,tool,konus5604microscope
74,tool,b130056.jpg
75,tool,pen02.jpg
76,tool,Atelephone2.jpg
77,tool,59d69605-c8c8-4899-bd98-2ef78045147e_300.jpg
78,tool,AELECRAZ2.jpg
79,tool,ASCALE1.jpg
80,tool,chopper.jpg
81,tool,cuillere_amuse_bouche_plate.jpg
82,tool,Stapler_HR.jpg
83,tool,tape dispenser.jpg
84,tool,ATONGS.jpg
85,tool,image_16157.jpg
86,tool,image_17213.jpg
87,tool,traffic-cone-squeezie-extralarge-8480.jpg
88,tool,643614.jpg
89,tool,Dust-Pan.JPG
90,tool,57494-4010-1-2ww-m.jpg
1,fruitveg,Aartichoke2.jpg
2,fruitveg,Aavocado7.jpg
3,fruitveg,Abunchofgrap2.jpg
4,fruitveg,Acantaloupe4.jpg
5,fruitveg,Acelery3.jpg
6,fruitveg,Acucumber2.jpg
7,fruitveg,Alemon11.jpg
8,fruitveg,Anectarine.jpg
9,fruitveg,B_banana.jpg
10,fruitveg,26447160.thl.jpg
11,fruitveg,Aapple34.jpg
12,fruitveg,Aberries5.jpg
13,fruitveg,ABLACKB14.jpg
14,fruitveg,Abloodorange.jpg
15,fruitveg,ACANTELOP.jpg
16,fruitveg,Acelery3_resized.jpg
17,fruitveg,ACHERRY.jpg
18,fruitveg,Acorn10.jpg
19,fruitveg,Apeanut3.jpg
20,fruitveg,Atomato12_resized.jpg
21,fruitveg,B_orange_resized.jpg
22,fruitveg,B_pear_resized.jpg
23,fruitveg,banana_resized.jpg
24,fruitveg,002a.jpg
25,fruitveg,020c.jpg
26,fruitveg,110a.jpg
27,fruitveg,120c.jpg
28,fruitveg,122a.jpg
29,fruitveg,watermelon.jpg
30,fruitveg,blueberry.jpg
31,fruitveg,learn-about-raspberry-keytones-and-other-extracts-with-living-healthy.jpg
32,fruitveg,kiwi_PNG4030.png
33,fruitveg,lemon_PNG3880.png
34,fruitveg,yellowtomato1.jpg80cbab6e-220c-4f13-8dc9-27f708f6d241Original.jpg
35,fruitveg,tomato_mortgage_lifter.jpg
36,fruitveg,flavor-supreme-a.jpg
37,fruitveg,Plum-Casselman1.jpg
38,fruitveg,Carambola-or-Starfruit.jpg
39,fruitveg,figs.jpg
40,fruitveg,Peach-WIDE.jpg
41,fruitveg,Papayas_1.jpg
42,fruitveg,Red-Pepper.jpg
43,fruitveg,54eaf80830fe7_-_01-rambutan.jpg
44,fruitveg,Dragon-Fruit.jpg
45,fruitveg,7368771_orig.jpg
46,fruitveg,Kumquats_02.jpg
47,fruitveg,persimmon.jpg
48,fruitveg,42654455-1lime.jpg
49,fruitveg,lingonbeere.jpg
50,fruitveg,Romaine-lettuce.jpg
51,fruitveg,Onion_on_White.JPG
52,fruitveg,onion.jpg
53,fruitveg,buttnenut-squash-vitamina-lg1.jpg
54,fruitveg,winter_squash2.jpg
55,fruitveg,Festival-Squash.jpg
56,fruitveg,yellow_squash.png
57,fruitveg,Cucumber.jpg
58,fruitveg,asparagus.jpg
59,fruitveg,garlic-04.jpg
60,fruitveg,atp_gen_gourm_0210_246_chives.jpg
61,fruitveg,cabbage_PNG8803.png
62,fruitveg,carrots.png
63,fruitveg,bok-choy.jpg
64,fruitveg,Fennel_8025417.jpg
65,fruitveg,peas.jpg
66,fruitveg,green_beans_dijon_main big image.jpg
67,fruitveg,87971234_XS.jpg
68,fruitveg,03085543-87de-47ab-a4eb-58e7e39d022e-620x372.jpeg
69,fruitveg,MFC_Potatoes_Red_0.jpg
70,fruitveg,cauliflower.jpg
71,fruitveg,Spinach_2337460b.jpg
72,fruitveg,skd286293sdc.jpg
73,fruitveg,eggplant.jpg
74,fruitveg,hot_banana.jpg
75,fruitveg,turnip_gv.png
76,fruitveg,parsnips.jpg
77,fruitveg,celeriac.jpg
78,fruitveg,red_leaf_lettuce_head.jpg
79,fruitveg,mushroom_portabello_430.jpg
80,fruitveg,PX00211_9.JPG
81,fruitveg,shutterstock_115122196.jpg
82,fruitveg,green-lima-bean-366639.jpg
83,fruitveg,MichiganBean_BlackBean.png
84,fruitveg,PINTO-2.jpg
85,fruitveg,ginger-root-111011-02.jpg
86,fruitveg,Medjool Dates NEW1.jpg
87,fruitveg,raisin.jpg
88,fruitveg,267356-cranberry.jpg
89,fruitveg,Shallots-2 web.jpg
90,fruitveg,skd286522sdc.jpg
1,animal,1.08_water-dolphin.jpg
2,animal,1.10_hoofed-reindeer.jpg
3,animal,1.13_hoofed-mountaingoat1.jpg
4,animal,1.15_hoofed-kulan.jpg
5,animal,1.17_hoofed-eland.jpg
6,animal,1.18_ostrich.jpg
7,animal,1.22_bear-panda.jpg
8,animal,1.22_water-sealion.jpg
9,animal,1.24_bear-blackbear.jpg
10,animal,1.25_cow-bull.jpg
11,animal,1.26_hoofed-koudou.jpg
12,animal,1.26_hoofed-wildebeest.jpg
13,animal,1.28_cow1.jpg
14,animal,1.31_hoofed-bongo.jpg
15,animal,1.33_cat-panther.jpg
16,animal,1.36_hoofed-agnu.jpg
17,animal,1.36_horse.jpg
18,animal,1.37_buffalo.jpg
19,animal,1.37_yak.jpg
20,animal,1.51_hoofed-misc.jpg
21,animal,1.70_hippo.jpg
22,animal,1.70_water-manatee.jpg
23,animal,1.78_bear-polarbear.jpg
24,animal,1.80_rhino.jpg
25,animal,1.94_water-whale.jpg
26,animal,1.95_water-walrus1.jpg
27,animal,1.98_water-shark-hammerhead.jpg
28,animal,2.07_water-crocodile.jpg
29,animal,2.11_cat-lion1.jpg
30,animal,0.64_orangutan.jpg
31,animal,0.69_cat-tiger1.jpg
32,animal,0.80_camel.jpg
33,animal,0.89_llama-alpaca.jpg
34,animal,0.96_hoofed-moose1.jpg
35,animal,0.97_hoofed-barbarysheep.jpg
36,animal,0.99_kangaroo.jpg
37,animal,1.02_water-sealion1.jpg
38,animal,1.03_gorilla.jpg
39,animal,1.03_hoofed-nyala1.jpg
40,animal,0.44_prariedog.jpg
41,animal,0.45_bird-cardinal.jpg
42,animal,0.46_bird-parrot2.jpg
43,animal,0.56_bird-finch.jpg
44,animal,0.58_rooster.jpg
45,animal,0.62_bird-hawk1.jpg
46,animal,0.63_bird-hummingbird.jpg
47,animal,0.64_insect1.jpg
48,animal,0.67_bird-pigeon.jpg
49,animal,0.67_dog-chihuahua.jpg
50,animal,0.72_owl2.jpg
51,animal,0.83_mouse.jpg
52,animal,0.87_rat.jpg
53,animal,0.90_bunny2.jpg
54,animal,0.92_seahorse.jpg
55,animal,0.93_bird-quail.jpg
56,animal,0.93_insect-beetle.jpg
57,animal,0.96_lemur2.jpg
58,animal,1.00_bat.jpg
59,animal,1.04_bird-misc.jpg
60,animal,1.05_squirrel.jpg
61,animal,1.14_armadillo.jpg
62,animal,1.14_bird-seagull.jpg
63,animal,1.15_kitty2.jpg
64,animal,1.19_bunny.jpg
65,animal,1.19_insect3.jpg
66,animal,1.21_chick.jpg
67,animal,1.22_duck.jpg
68,animal,1.25_gerbil.jpg
69,animal,1.25_lobster.jpg
70,animal,1.27_insect-ladybug.jpg
71,animal,1.28_crab2.jpg
72,animal,1.31_insect-ant.jpg
73,animal,1.33_fish-goldfish.jpg
74,animal,1.37_insect-butterfly.jpg
75,animal,1.38_hamster.jpg
76,animal,1.40_chicken.jpg
77,animal,1.43_insect-moth.jpg
78,animal,1.44_frog2.jpg
79,animal,1.44_insect-butterfly9.jpg
80,animal,1.45_bird-roadrunner.jpg
81,animal,1.46_duck1.jpg
82,animal,1.56_bird-canary.jpg
83,animal,1.58_chipmunk.jpg
84,animal,1.58_insect-cricket.jpg
85,animal,1.59_frog1.jpg
86,animal,1.59_hedgehog.jpg
87,animal,1.60_chinchilla1.jpg
88,animal,2.29_ferret.jpg
89,animal,2.40_snake.jpg
90,animal,2.65_turtle.jpg
1,virtualtown,vid_0001.jpg
2,virtualtown,vid_0111.jpg
3,virtualtown,vid_0398.jpg
4,virtualtown,vid_0482.jpg
5,virtualtown,vid_0622.jpg
6,virtualtown,vid_0769.jpg
7,virtualtown,vid_0881.jpg
8,virtualtown,vid_1133.jpg
9,virtualtown,vid_1217.jpg
10,virtualtown,vid_1371.jpg
11,virtualtown,vid_1546.jpg
12,virtualtown,vid_1700.jpg
13,virtualtown,vid_1896.jpg
14,virtualtown,vid_0019.jpg
15,virtualtown,vid_0097.jpg
16,virtualtown,vid_0440.jpg
17,virtualtown,vid_0559.jpg
18,virtualtown,vid_0699.jpg
19,virtualtown,vid_0976.jpg
20,virtualtown,vid_1203.jpg
21,virtualtown,vid_1413.jpg
22,virtualtown,vid_1588.jpg
23,virtualtown,vid_1707.jpg
24,virtualtown,vid_1762.jpg
25,virtualtown,vid_1969.jpg
26,virtualtown,vid_2169.jpg
27,virtualtown,vid_0057.jpg
28,virtualtown,vid_0106.jpg
29,virtualtown,vid_0240.jpg
30,virtualtown,vid_0315.jpg
31,virtualtown,vid_0390.jpg
32,virtualtown,vid_0459.jpg
33,virtualtown,vid_0578.jpg
34,virtualtown,vid_0679.jpg
35,virtualtown,vid_0910.jpg
36,virtualtown,vid_0987.jpg
37,virtualtown,vid_1344.jpg
38,virtualtown,vid_1645.jpg
39,virtualtown,vid_1715.jpg
40,virtualtown,vid_1953.jpg
41,virtualtown,vid_2107.jpg
42,virtualtown,vid_00333301.jpg
43,virtualtown,vid_0114.jpg
44,virtualtown,vid_0237.jpg
45,virtualtown,vid_0377.jpg
46,virtualtown,vid_0678.jpg
47,virtualtown,vid_0818.jpg
48,virtualtown,vid_1076.jpg
49,virtualtown,vid_1168.jpg
50,virtualtown,vid_1427.jpg
51,virtualtown,vid_1490.jpg
52,virtualtown,vid_1567.jpg
53,virtualtown,vid_1845.jpg
54,virtualtown,vid_2114.jpg
55,virtualtown,vid_0082.jpg
56,virtualtown,vid_0179.jpg
57,virtualtown,vid_0384.jpg
58,virtualtown,vid_0510.jpg
59,virtualtown,vid_0545.jpg
60,virtualtown,vid_0643.jpg
61,virtualtown,vid_0790.jpg
62,virtualtown,vid_0926.jpg
63,virtualtown,vid_1105.jpg
64,virtualtown,vid_1315.jpg
65,virtualtown,vid_1419.jpg
66,virtualtown,vid_1847.jpg
67,virtualtown,vid_0001234324234.jpg
68,virtualtown,vid_0002.jpg
69,virtualtown,vid_0107.jpg
70,virtualtown,vid_0271.jpg
71,virtualtown,vid_0312.jpg
72,virtualtown,vid_0394.jpg
73,virtualtown,vid_0651.jpg
74,virtualtown,vid_0784.jpg
75,virtualtown,vid_0923.jpg
76,virtualtown,vid_1162.jpg
77,virtualtown,vid_1386.jpg
78,virtualtown,vid_1638.jpg
79,virtualtown,vid_1665.jpg
80,virtualtown,vid_2070.jpg
81,virtualtown,vid_2100.jpg
